{"cameraMode":{"drawMode":0,"name":"Shaded","section":"Shading Mode"},"sceneLighting":false,"audioPlay":false,"sceneViewState":{"m_AlwaysRefresh":false,"showFog":true,"showSkybox":false,"showFlares":true,"showImageEffects":true,"showParticleSystems":true,"showVisualEffectGraphs":true,"m_FxEnabled":false},"in2DMode":false,"pivot":{"x":-51.814109802246097,"y":2.278653383255005,"z":-8.602112770080567},"rotation":{"x":0.19486971199512483,"y":0.060277778655290607,"z":-0.012002917006611824,"w":0.9789080023765564},"size":5.100096702575684,"orthographic":false}