{"cameraMode":{"drawMode":0,"name":"Shaded","section":"Shading Mode"},"sceneLighting":false,"audioPlay":false,"sceneViewState":{"m_AlwaysRefresh":false,"showFog":true,"showSkybox":false,"showFlares":true,"showImageEffects":true,"showParticleSystems":true,"showVisualEffectGraphs":true,"m_FxEnabled":false},"in2DMode":false,"pivot":{"x":-45.76621627807617,"y":3.1423144340515138,"z":-3.9664907455444338},"rotation":{"x":0.04367835074663162,"y":-0.17737886309623719,"z":0.007880312390625477,"w":0.9831415414810181},"size":7.329187870025635,"orthographic":false}